loan_id,scenario_id,month,credit_loss
1,Normal,1,0.0
1,Normal,2,5.052215263344049
1,Normal,3,7.554912283605413
1,Normal,4,9.577629069394517
1,Normal,5,10.707686229982064
1,Normal,6,11.305993547577234
1,Normal,7,11.563154810894964
1,Normal,8,11.608130673704055
1,Normal,9,11.523522100216281
1,Normal,10,11.360830932819399
1,Normal,11,11.152251942513741
1,Normal,12,10.917815691542902
1,Normal,13,10.669956546041853
1,Normal,14,10.41636631157133
1,Normal,15,10.161777327128712
1,Normal,16,9.909076092038266
1,Normal,17,9.659998450603265
1,Normal,18,9.415563570277891
1,Normal,19,9.176344844149762
1,Normal,20,8.94263898877797
1,Normal,21,8.71457158515974
1,Normal,22,8.492162939142466
1,Normal,23,8.275369166959317
1,Normal,24,8.064107811817747
1,Normal,25,7.8582738017872575
1,Normal,26,7.6577493768894325
1,Normal,27,7.462410250777573
1,Normal,28,7.272129421671324
1,Normal,29,7.0867795160073
1,Normal,30,6.906234216553248
1,Normal,31,6.7303691195798825
1,Normal,32,6.559062236310533
1,Normal,33,6.392194273065307
1,Normal,34,6.229648774046258
1,Normal,35,6.0713121791841855
1,Normal,36,5.917073829774439
1,Normal,37,5.766825942326649
1,Normal,38,5.620463563367865
1,Normal,39,5.477884513137258
1,Normal,40,5.338989323111031
1,Normal,41,5.2036811704225405
1,Normal,42,5.071865811072279
1,Normal,43,4.943451513091611
1,Normal,44,4.8183489903678725
1,Normal,45,4.696471337554068
1,Normal,46,4.577733966308813
1,Normal,47,4.462054543002092
1,Normal,48,4.349352927953804
1,Normal,49,4.2395511162297845
1,Normal,50,4.1325731799941225
1,Normal,51,4.0283452124007315
1,Normal,52,3.926795272997791
1,Normal,53,3.827853334613231
1,Normal,54,3.7314512316865023
1,Normal,55,3.637522610010367
1,Normal,56,3.546002877846048
1,Normal,57,3.4568291583750854
1,Normal,58,3.369940243451769
1,Normal,59,3.2852765486205744
1,Normal,60,3.202780069363899
1,Recession,1,0.0
1,Recession,2,31.83101704829091
1,Recession,3,48.052740076240504
1,Recession,4,61.42939284241499
1,Recession,5,69.51894378027907
1,Recession,6,74.47294238943945
1,Recession,7,77.44481497038781
1,Recession,8,79.18718707293802
1,Recession,9,80.17531617198978
1,Recession,10,80.700553450493
1,Recession,11,80.94218097321192
1,Recession,12,81.01018027882883
1,Recession,13,80.97198684765667
1,Recession,14,81.13158445422437
1,Recession,15,81.34722426533276
1,Recession,16,81.58827770788065
1,Recession,17,81.85650495619963
1,Recession,18,82.14244602629931
1,Recession,19,82.44064953440478
1,Recession,20,82.74755990921238
1,Recession,21,83.06091527096392
1,Recession,22,83.37928581372371
1,Recession,23,83.70175032212082
1,Recession,24,84.0276999670473
1,Recession,25,84.35671611517726
1,Recession,26,84.68849511197924
1,Recession,27,85.02280200412518
1,Recession,28,85.35944205742508
1,Recession,29,85.69824321581721
1,Recession,30,86.0390452799022
1,Recession,31,86.38169321098891
1,Recession,32,86.72603296697726
1,Recession,33,87.07190889139292
1,Recession,34,87.41916205478189
1,Recession,35,87.76762917979264
1,Recession,36,88.11714192381487
1,Recession,37,81.3097275813494
1,Recession,38,78.97424057975068
1,Recession,39,77.73232143676526
1,Recession,40,76.64976639351879
1,Recession,41,75.9155705611186
1,Recession,42,75.38384910498955
1,Recession,43,74.97893802198045
1,Recession,44,74.6519372508114
1,Recession,45,74.3721339446062
1,Recession,46,74.12083495972371
1,Recession,47,73.88660356263718
1,Recession,48,73.66245739981869
1,Recession,49,73.44412931760486
1,Recession,50,73.22900605083935
1,Recession,51,73.01548150137936
1,Recession,52,72.80256265485583
1,Recession,53,72.58962960578401
1,Recession,54,72.37628945780725
1,Recession,55,72.16228739933378
1,Recession,56,71.94745259299613
1,Recession,57,71.73166525805314
1,Recession,58,71.51483665119738
1,Recession,59,71.29689689585271
1,Recession,60,71.0777875861507
2,Normal,1,0.0
2,Normal,2,15.889577076987699
2,Normal,3,23.68213763940635
2,Normal,4,29.91886015151298
2,Normal,5,33.35644189365161
2,Normal,6,35.13599030296021
2,Normal,7,35.86370553954665
2,Normal,8,35.9432107963107
2,Normal,9,35.63097390756576
2,Normal,10,35.08549989505351
2,Normal,11,34.405012931361284
2,Normal,12,33.65009596300476
2,Normal,13,32.85802015399925
2,Normal,14,32.051624043491174
2,Normal,15,31.244814662700552
2,Normal,16,30.445974845929324
2,Normal,17,29.660072741349264
2,Normal,18,28.889967887585176
2,Normal,19,28.137219827227536
2,Normal,20,27.40258871150414
2,Normal,21,26.686345186574297
2,Normal,22,25.98846217899665
2,Normal,23,25.30873354351479
2,Normal,24,24.646847415576623
2,Normal,25,24.002431510881728
2,Normal,26,23.375081050705532
2,Normal,27,22.76437592727005
2,Normal,28,22.169891206273334
2,Normal,29,21.59120350465843
2,Normal,30,21.027894816012736
2,Normal,31,20.4795547577713
2,Normal,32,19.94578184378716
2,Normal,33,19.426184156210386
2,Normal,34,18.92037964833761
2,Normal,35,18.427996221926964
2,Normal,36,17.948671667834553
2,Normal,37,17.4820535249663
2,Normal,38,17.027798891551793
2,Normal,39,16.58557420973932
2,Normal,40,16.155055036449458
2,Normal,41,15.735925808428982
2,Normal,42,15.327879606351207
2,Normal,43,14.930617920891875
2,Normal,44,14.543850422522956
2,Normal,45,14.167294736032883
2,Normal,46,13.800676220328755
2,Normal,47,13.443727753797075
2,Normal,48,13.096189525328535
2,Normal,49,12.757808831008216
2,Normal,50,12.428339876409822
2,Normal,51,12.107543584395481
2,Normal,52,11.795187408301446
2,Normal,53,11.491045150378481
2,Normal,54,11.19489678535038
2,Normal,55,10.906528288952305
2,Normal,56,10.625731471311077
2,Normal,57,10.352303815031428
2,Normal,58,10.086048317854845
2,Normal,59,9.826773339760667
2,Normal,60,9.574292454382435
2,Recession,1,0.0
2,Recession,2,100.17190268902995
2,Recession,3,150.20122555536838
2,Recession,4,190.62388071880375
2,Recession,5,214.52207345355723
2,Recession,6,228.7059161186754
2,Recession,7,236.87555795811946
2,Recession,8,241.36822512765832
2,Recession,9,243.63693069327482
2,Recession,10,244.55906900577114
2,Recession,11,244.66638324679843
2,Recession,12,244.2803540359084
2,Recession,13,243.59522846225187
2,Recession,14,243.57252484841254
2,Recession,15,243.74110088615788
2,Recession,16,243.98906776954487
2,Recession,17,244.31391508964762
2,Recession,18,244.6811379952841
2,Recession,19,245.0706882197998
2,Recession,20,245.46973400725642
2,Recession,21,245.8700939735336
2,Recession,22,246.26651119019832
2,Recession,23,246.6554874453569
2,Recession,24,247.03458582208773
2,Recession,25,247.40200482013066
2,Recession,26,247.75632024075313
2,Recession,27,248.09632894823417
2,Recession,28,248.4209543395083
2,Recession,29,248.7291892027277
2,Recession,30,249.02006121636134
2,Recession,31,249.292612159378
2,Recession,32,249.54588542825672
2,Recession,33,249.77891859174625
2,Recession,34,249.99073900704292
2,Recession,35,250.1803613034294
2,Recession,36,250.3467860127522
2,Recession,37,229.06987314362317
2,Recession,38,221.30611914757407
2,Recession,39,216.93931950170125
2,Recession,40,213.12183286904468
2,Recession,41,210.34909642292618
2,Recession,42,208.1755805980655
2,Recession,43,206.3662683318591
2,Recession,44,204.7752779507611
2,Recession,45,203.31271331533222
2,Recession,46,201.9247843339473
2,Recession,47,200.57915965512814
2,Recession,48,199.25643735199907
2,Recession,49,197.94497285917842
2,Recession,50,196.63777232022085
2,Recession,51,195.3306302672166
2,Recession,52,194.02101302786
2,Recession,53,192.70738962013834
2,Recession,54,192.0734270857411
2,Recession,55,196.8936311099543
2,Recession,56,201.671252468935
2,Recession,57,206.40483227752617
2,Recession,58,211.09295702943504
2,Recession,59,215.73423537448824
2,Recession,60,220.32728388491063
3,Normal,1,0.0
3,Normal,2,8.558243759895094
3,Normal,3,12.782387297637262
3,Normal,4,16.184670669284447
3,Normal,5,18.07537944141363
3,Normal,6,19.06736048489183
3,Normal,7,19.484851512272822
3,Normal,8,19.546140492651322
3,Normal,9,19.390688264343204
3,Normal,10,19.10520600296551
3,Normal,11,18.74374757851189
3,Normal,12,18.339849123098674
3,Normal,13,17.914267453851643
3,Normal,14,17.479801910500317
3,Normal,15,17.044299238255558
3,Normal,16,16.61252539431844
3,Normal,17,16.187330999171877
3,Normal,18,15.77037700459316
3,Normal,19,15.36258650980294
3,Normal,20,14.964426058755006
3,Normal,21,14.5760807556887
3,Normal,22,14.197563257812385
3,Normal,23,13.828781588996241
3,Normal,24,13.469581307549623
3,Normal,25,13.119771701549313
3,Normal,26,12.779142036446345
3,Normal,27,12.447471607468065
3,Normal,28,12.124535934232354
3,Normal,29,11.810110553622605
3,Normal,30,11.50397331798758
3,Normal,31,11.20590576375576
3,Normal,32,10.915693902514612
3,Normal,33,10.633128653879742
3,Normal,34,10.358006056783982
3,Normal,35,10.090127344289817
3,Normal,36,9.829298934921113
3,Normal,37,9.57533237350184
3,Normal,38,9.32804424202095
3,Normal,39,9.087256053272275
3,Normal,40,8.852794135176092
3,Normal,41,8.624489510671513
3,Normal,42,8.402177776189165
3,Normal,43,8.185698980542469
3,Normal,44,7.974897505346995
3,Normal,45,7.769621947623817
3,Normal,46,7.569725004961011
3,Normal,47,7.375063363432817
3,Normal,48,7.185497588367861
3,Normal,49,7.000892017991585
3,Normal,50,6.821114659927393
3,Normal,51,6.646037090516773
3,Normal,52,6.4755343569042365
3,Normal,53,6.3094848818248135
3,Normal,54,6.147770371027707
3,Normal,55,5.9902757232677075
3,Normal,56,5.836888942795732
3,Normal,57,5.687501054280248
3,Normal,58,5.54200602009245
3,Normal,59,5.40030065988942
3,Normal,60,5.262284572430946
3,Recession,1,0.0
3,Recession,2,53.9500720879282
3,Recession,3,81.31497564838367
3,Recession,4,103.76989139794017
3,Recession,5,117.28998958431609
3,Recession,6,125.52404119979536
3,Recession,7,130.43654004673093
3,Recession,8,133.29711319118522
3,Recession,9,134.9039456757964
3,Recession,10,135.74416110178197
3,Recession,11,136.11616088987515
3,Recession,12,136.2022068904398
3,Recession,13,136.11356294759457
3,Recession,14,136.38775838553704
3,Recession,15,136.76715549120442
3,Recession,16,137.19352134376828
3,Recession,17,137.66792085080365
3,Recession,18,138.17227384269717
3,Recession,19,138.69610536789767
3,Recession,20,139.23262634111225
3,Recession,21,139.77751030529905
3,Recession,22,140.32800200062485
3,Recession,23,140.88230135669548
3,Recession,24,141.43919125329205
3,Recession,25,141.99780710472723
3,Recession,26,142.55749565036965
3,Recession,27,143.11772847113355
3,Recession,28,143.67804900686184
3,Recession,29,144.23804008105196
3,Recession,30,144.79730396703184
3,Recession,31,145.35545012203156
3,Recession,32,145.91208760832808
3,Recession,33,146.46682037915238
3,Recession,34,147.01924431582592
3,Recession,35,147.5689453360527
3,Recession,36,148.1154981583006
3,Recession,37,136.01336617094614
3,Recession,38,131.8358237345302
3,Recession,39,129.6076826029101
3,Recession,40,127.67173922707617
3,Recession,41,126.34923224144353
3,Recession,42,125.38135061602611
3,Recession,43,124.63314136174256
3,Recession,44,124.01850584981389
3,Recession,45,123.4836830553348
3,Recession,46,122.99613066181541
3,Recession,47,122.53604882485237
3,Recession,48,122.09141243821114
3,Recession,49,121.6549108881538
3,Recession,50,121.2220901382473
3,Recession,51,120.79022667528574
3,Recession,52,120.357644980024
3,Recession,53,119.92330410115352
3,Recession,54,119.48654729615838
3,Recession,55,119.04695046586913
3,Recession,56,118.60423042648868
3,Recession,57,120.2516361054023
3,Recession,58,123.6157415861125
3,Recession,59,126.97754463225704
3,Recession,60,130.33647861152667
4,Normal,1,0.0
4,Normal,2,10.192130501332251
4,Normal,3,15.209142520361553
4,Normal,4,19.238835167529928
4,Normal,5,21.471951004597027
4,Normal,6,22.63880310160335
4,Normal,7,23.12666213161079
4,Normal,8,23.194724022315643
4,Normal,9,23.00812460006488
4,Normal,10,22.669218442034165
4,Normal,11,22.24161730887328
4,Normal,12,21.76467008660642
4,Normal,13,21.262658662966473
4,Normal,14,20.750511198058447
4,Normal,15,20.2373515949305
4,Normal,16,19.728703923337427
4,Normal,17,19.227860873301125
4,Normal,18,18.73673328512259
4,Normal,19,18.25637751334405
4,Normal,20,17.78732278560963
4,Normal,21,17.32977438908773
4,Normal,22,16.8837397601138
4,Normal,23,16.449106702934202
4,Normal,24,16.025691883067772
4,Normal,25,15.613270862185809
4,Normal,26,15.211596670875362
4,Normal,27,14.820411264112204
4,Normal,28,14.439452557822136
4,Normal,29,14.068458722482278
4,Normal,30,13.707170774747153
4,Normal,31,13.355334113715243
4,Normal,32,13.012699403495178
4,Normal,33,12.679023051568775
4,Normal,34,12.354067437921104
4,Normal,35,12.037600991181439
4,Normal,36,11.729398171531765
4,Normal,37,11.429239397468763
4,Normal,38,11.136910939418447
4,Normal,39,10.852204794449502
4,Normal,40,10.57491855089261
4,Normal,41,10.304855248293867
4,Normal,42,10.041823236031169
4,Normal,43,9.78563603261877
4,Normal,44,9.536112186916142
4,Normal,45,9.293075141955146
4,Normal,46,9.056353101789002
4,Normal,47,8.825778901574102
4,Normal,48,8.601189880977651
4,Normal,49,8.382427760931485
4,Normal,50,8.169338523708452
4,Normal,51,7.961772296271501
4,Normal,52,7.759583236830169
4,Normal,53,7.562629424530634
4,Normal,54,7.3707727522012005
4,Normal,55,7.183878822073149
4,Normal,56,7.001816844396861
4,Normal,57,6.824459538873717
4,Normal,58,6.6516830388256825
4,Normal,59,6.483366798026103
4,Normal,60,6.31939350011705
4,Recession,1,0.0
4,Recession,2,64.22419490692137
4,Recession,3,96.48225417341125
4,Recession,4,122.70012241505916
4,Recession,5,138.29333590501219
4,Recession,6,147.62516936515277
4,Recession,7,153.05689290547934
4,Recession,8,156.09448201192194
4,Recession,9,157.67848899640387
4,Recession,10,158.37930450550365
4,Recession,11,158.54412329676768
4,Recession,12,158.3837245302494
4,Recession,13,158.02599913481004
4,Recession,14,158.06914030748734
4,Recession,15,158.226794022282
4,Recession,16,158.4333457693891
4,Recession,17,158.68929468459243
4,Recession,18,158.97443739391036
4,Recession,19,159.27707524820468
4,Recession,20,159.5896779535319
4,Recession,21,159.90744852727914
4,Recession,22,160.22732116607048
4,Recession,23,160.54727569396192
4,Recession,24,160.8659259545994
4,Recession,25,161.1822669970007
4,Recession,26,161.49552115051836
4,Recession,27,161.80504439661132
4,Recession,28,162.11026941595898
4,Recession,29,162.4106709473203
4,Recession,30,162.70574470924845
4,Recession,31,162.99499456555228
4,Recession,32,163.27792470163692
4,Recession,33,163.55403484775596
4,Recession,34,163.82281735666842
4,Recession,35,164.0837554120435
4,Recession,36,164.33632192880776
4,Recession,37,151.07565156157057
4,Recession,38,146.29938904481776
4,Recession,39,143.64273516343974
4,Recession,40,141.31761093531082
4,Recession,41,139.65189328558557
4,Recession,42,138.36602596039407
4,Recession,43,137.31337677425114
4,Recession,44,136.4017660414956
4,Recession,45,135.57404592411893
4,Recession,46,134.79584502303697
4,Recession,47,134.04638893451636
4,Recession,48,133.31314158149422
4,Recession,49,132.5885327183435
4,Recession,50,131.86798303375068
4,Recession,51,131.14871456697801
4,Recession,52,130.42903405140189
4,Recession,53,129.70790142705476
4,Recession,54,128.98467011629484
4,Recession,55,128.25893073468794
4,Recession,56,127.53041707436755
4,Recession,57,126.79894956865473
4,Recession,58,126.06440131099978
4,Recession,59,125.32667764278214
4,Recession,60,124.58570390237357
5,Normal,1,0.0
5,Normal,2,4.178075940685907
5,Normal,3,6.246311300554454
5,Normal,4,7.916786020709014
5,Normal,5,8.849089508006337
5,Normal,6,9.34182978095391
5,Normal,7,9.552761774981512
5,Normal,8,9.58852025480684
5,Normal,9,9.517373125648435
5,Normal,10,9.381862894036711
5,Normal,11,9.208569572754481
5,Normal,12,9.01402153904656
5,Normal,13,8.80847333141112
5,Normal,14,8.598264489927033
5,Normal,15,8.387292728700338
5,Normal,16,8.177933546144754
5,Normal,17,7.971614010962956
5,Normal,18,7.769170779393104
5,Normal,19,7.5710734708582565
5,Normal,20,7.3775640310311195
5,Normal,21,7.188743671306659
5,Normal,22,7.004627094526853
5,Normal,23,6.8251763055328265
5,Normal,24,6.650321681058354
5,Normal,25,6.47997508829286
5,Normal,26,6.314038041110631
5,Normal,27,6.152406759498616
5,Normal,28,5.994975296591177
5,Normal,29,5.8416374601387
5,Normal,30,5.692287982118166
5,Normal,31,5.546823219714408
5,Normal,32,5.405141564481411
5,Normal,33,5.267143670058345
5,Normal,34,5.1327325673389845
5,Normal,35,5.001813710097871
5,Normal,36,4.874294977908039
5,Normal,37,4.750086653089483
5,Normal,38,4.629101382123495
5,Normal,39,4.511254128031612
5,Normal,40,4.396462117759943
5,Normal,41,4.284644787074871
5,Normal,42,4.1757237245180345
5,Normal,43,4.069622615370444
5,Normal,44,3.966267186202481
5,Normal,45,3.8655851503539536
5,Normal,46,3.767506154543394
5,Normal,47,3.6719617267158435
5,Normal,48,3.5788852251823964
5,Normal,49,3.48821178907037
5,Normal,50,3.3998782900818028
5,Normal,51,3.3138232855451824
5,Normal,52,3.229986972737691
5,Normal,53,3.1483111444508283
5,Normal,54,3.0687391457699755
5,Normal,55,2.9912158320372537
5,Normal,56,2.915687527966712
5,Normal,57,2.8421019878809877
5,Normal,58,2.770408357038959
5,Normal,59,2.7005571340244807
5,Normal,60,2.6325001341669516
5,Recession,1,0.0
5,Recession,2,26.32656110400202
5,Recession,3,39.7317025584369
5,Recession,4,50.77591584394125
5,Recession,5,57.44984339227789
5,Recession,6,61.53312645674218
5,Recession,7,63.98060278189573
5,Recession,8,65.41418593817912
5,Recession,9,66.22626667665595
5,Recession,10,66.65718969630286
5,Recession,11,66.85472362721725
5,Recession,12,66.9094428858448
5,Recession,13,66.87683688811916
5,Recession,14,67.01067642010315
5,Recession,15,67.1919375873499
5,Recession,16,67.39465613921328
5,Recession,17,67.62010455820122
5,Recession,18,67.86025282408075
5,Recession,19,68.1104681574664
5,Recession,20,68.36773296626446
5,Recession,21,68.63012707936107
5,Recession,22,68.89643502276839
5,Recession,23,69.16587160616196
5,Recession,24,69.43791559646908
5,Recession,25,69.71220625642856
5,Recession,26,69.98847970983506
5,Recession,27,70.2665298234092
5,Recession,28,70.546184151502
5,Recession,29,70.82728913400182
5,Recession,30,71.10970097254521
5,Recession,31,71.39327999015201
5,Recession,32,71.67788712697426
5,Recession,33,71.96338174547562
5,Recession,34,72.24962023800244
5,Recession,35,72.53645512588545
5,Recession,36,72.82373445957867
5,Recession,37,67.1326579990184
5,Recession,38,65.17892002012628
5,Recession,39,64.14008820147771
5,Recession,40,63.23527193865242
5,Recession,41,62.62121814535194
5,Recession,42,62.175984434536616
5,Recession,43,61.83626105768513
5,Recession,44,61.56123280404274
5,Recession,45,61.32529299457354
5,Recession,46,61.11287274140974
5,Recession,47,60.91445683696422
5,Recession,48,60.72424182623526
5,Recession,49,60.538684501151096
5,Recession,50,60.35561701237444
5,Recession,51,60.173708213934134
5,Recession,52,59.99213576684373
5,Recession,53,59.8103866723765
5,Recession,54,59.62813595918851
5,Recession,55,59.445172922147066
5,Recession,56,59.26135628560039
5,Recession,57,59.076586956361126
5,Recession,58,58.89079147107305
5,Recession,59,58.70391194421814
5,Recession,60,58.51589996672108
6,Normal,1,0.0
6,Normal,2,6.528052393828043
6,Normal,3,9.677443252065565
6,Normal,4,12.166203883576621
6,Normal,5,13.48314712725071
6,Normal,6,14.1079876987231
6,Normal,7,14.295586005248424
6,Normal,8,14.216108552672365
6,Normal,9,13.977733152390641
6,Normal,10,13.647341767642786
6,Normal,11,13.266345183497675
6,Normal,12,12.86021731213829
6,Normal,13,12.444545112684306
6,Normal,14,12.028785541898385
6,Normal,15,11.61859845307783
6,Normal,16,11.217294662989655
6,Normal,17,10.826734318430276
6,Normal,18,10.447884181683984
6,Normal,19,10.081163251945984
6,Normal,20,9.726657041733274
6,Normal,21,9.384250347299012
6,Normal,22,9.053709439918014
6,Normal,23,8.734732870548976
6,Normal,24,8.426982799055864
6,Normal,25,8.130104240746155
6,Normal,26,7.843736818855132
6,Normal,27,7.567521871231664
6,Normal,28,7.301106679240537
6,Normal,29,7.044146916346192
6,Normal,30,6.79630799757467
6,Normal,31,6.557265752619709
6,Normal,32,6.326706684908431
6,Normal,33,6.104327979319053
6,Normal,34,5.889837359385913
6,Normal,35,5.682952856418908
6,Normal,36,5.483402529117148
6,Normal,37,5.290924157451493
6,Normal,38,5.105264925401088
6,Normal,39,4.926181101427031
6,Normal,40,4.7534377220304584
6,Normal,41,4.586808281551828
6,Normal,42,4.426074430013248
6,Normal,43,4.271025679969704
6,Normal,44,4.121459122821225
6,Normal,45,3.9771791547242055
6,Normal,46,3.8379972120503933
6,Normal,47,3.703731516229245
6,Normal,48,3.574206827744134
6,Normal,49,3.4492542090171323
6,Normal,50,3.328710795899403
6,Normal,51,3.212419577477618
6,Normal,52,3.1002291839069898
6,Normal,53,2.9919936819856003
6,Normal,54,2.8875723781912472
6,Normal,55,2.78682962890983
6,Normal,56,2.689634657592773
6,Normal,57,2.595861378589766
6,Normal,58,2.5053882274119124
6,Normal,59,2.4180979971891072
6,Normal,60,2.333877681093962
6,Recession,1,0.0
6,Recession,2,41.13404655027293
6,Recession,3,61.594902000776266
6,Recession,4,78.0961633402028
6,Recession,5,87.71809363454908
6,Recession,6,93.28892596293937
6,Recession,7,96.33958890258566
6,Recession,8,97.84610230670013
6,Recession,9,98.4177463821591
6,Recession,10,98.42391517853379
6,Recession,11,98.08938654914148
6,Recession,12,97.55057402942253
6,Recession,13,96.89021325056338
6,Recession,14,96.47488796226781
6,Recession,15,96.12798131663256
6,Recession,16,95.8104421556643
6,Recession,17,95.52289261775098
6,Recession,18,95.25330649255896
6,Recession,19,94.99473649411345
6,Recession,20,94.74271556753307
6,Recession,21,94.4944069959521
6,Recession,22,94.24800853587189
6,Recession,23,94.00234418161935
6,Recession,24,93.756619206524
6,Recession,25,93.51026974988562
6,Recession,26,93.26287129521907
6,Recession,27,93.01408304868637
6,Recession,28,92.76361414842334
6,Recession,29,92.51120315161808
6,Recession,30,92.25660559069684
6,Recession,31,91.99958643259856
6,Recession,32,91.73991551726732
6,Recession,33,91.4773648068028
6,Recession,34,91.21170673579648
6,Recession,35,90.94271323231227
6,Recession,36,90.67015514838577
6,Recession,37,83.00188992617886
6,Recession,38,80.04447754387758
6,Recession,39,78.24679647973467
6,Recession,40,76.63711392091143
6,Recession,41,75.39225729841355
6,Recession,42,74.35967096048721
6,Recession,43,73.45935191167953
6,Recession,44,72.64100836187549
6,Recession,45,71.87346786890808
6,Recession,46,71.13798044110538
6,Recession,47,70.42321061143242
6,Recession,48,69.72231446680583
6,Recession,49,69.03115502353798
6,Recession,50,68.34722550679855
6,Recession,51,67.66900093054457
6,Recession,52,66.99554754660952
6,Recession,53,66.32628774801927
6,Recession,54,65.66085858291466
6,Recession,55,64.99902662683623
6,Recession,56,64.34063677689689
6,Recession,57,63.68558145819703
6,Recession,58,63.03378211019945
6,Recession,59,62.38517805890873
6,Recession,60,61.73971983018291
7,Normal,1,0.0
7,Normal,2,6.013225951925212
7,Normal,3,8.911844326738185
7,Normal,4,11.200603412346794
7,Normal,5,12.410153120806665
7,Normal,6,12.982586563513353
7,Normal,7,13.152860108434853
7,Normal,8,13.077673127052602
7,Normal,9,12.856582839058149
7,Normal,10,12.551101328141321
7,Normal,11,12.199289458019717
7,Normal,12,11.824544557777049
7,Normal,13,11.441172443627794
7,Normal,14,11.057845566969808
7,Normal,15,10.679749055290749
7,Normal,16,10.309911996269586
7,Normal,17,9.950032860616384
7,Normal,18,9.600991232739306
7,Normal,19,9.263164989893511
7,Normal,20,8.936626826686414
7,Normal,21,8.621265951668143
7,Normal,22,8.316863376265962
7,Normal,23,8.023138422621836
7,Normal,24,7.739777383236206
7,Normal,25,7.4664511140267695
7,Normal,26,7.202825767639269
7,Normal,27,6.948569276759683
7,Normal,28,6.703355206452445
7,Normal,29,6.466864979922829
7,Normal,30,6.238789100771313
7,Normal,31,6.018827758204085
7,Normal,32,5.806691054849364
7,Normal,33,5.602099005725318
7,Normal,34,5.404781400370155
7,Normal,35,5.214477585061401
7,Normal,36,5.030936200280765
7,Normal,37,4.853914895073016
7,Normal,38,4.683180031567647
7,Normal,39,4.518506387735851
7,Normal,40,4.359676863234965
7,Normal,41,4.2064821911988055
7,Normal,42,4.0587206575999595
7,Normal,43,3.9161978290502346
7,Normal,44,3.778726289438946
7,Normal,45,3.646125385524065
7,Normal,46,3.5182209814194074
7,Normal,47,3.394845221819082
7,Normal,48,3.275836303741697
7,Normal,49,3.161038256544745
7,Normal,50,3.050300729943959
7,Normal,51,2.943478789766809
7,Normal,52,2.8404327211698015
7,Normal,53,2.7410278390532983
7,Normal,54,2.6451343054138436
7,Normal,55,2.5526269533813157
7,Normal,56,2.4633851176962396
7,Normal,57,2.3772924713908195
7,Normal,58,2.2942368684454926
7,Normal,59,2.2141101922009767
7,Normal,60,2.1368082093137524
7,Recession,1,0.0
7,Recession,2,37.89416075845611
7,Recession,3,56.720928044025825
7,Recession,4,71.88537597726047
7,Recession,5,80.71667121496928
7,Recession,6,85.8205710088881
7,Recession,7,88.60878463579424
7,Recession,8,89.97943417222608
7,Recession,9,90.49261175844066
7,Recession,10,90.48756697426757
7,Recession,11,90.17053627346206
7,Recession,12,89.6665663046318
7,Recession,13,89.0514290702207
7,Recession,14,88.66543125888481
7,Recession,15,88.34366558010299
7,Recession,16,88.04933701639126
7,Recession,17,87.78275004244823
7,Recession,18,87.53257011474962
7,Recession,19,87.29224631418772
7,Recession,20,87.0575746935258
7,Recession,21,86.82588767494708
7,Recession,22,86.59549092388446
7,Recession,23,86.36527872340679
7,Recession,24,86.1345033598762
7,Recession,25,85.90263370266716
7,Recession,26,85.66926923926748
7,Recession,27,85.43408788525774
7,Recession,28,85.19681431343888
7,Recession,29,84.95720075139623
7,Recession,30,84.71501534957706
7,Recession,31,84.4700351454692
7,Recession,32,84.22204181813122
7,Recession,33,83.97081913729241
7,Recession,34,83.71615144236883
7,Recession,35,83.45782274844181
7,Recession,36,83.19561623504718
7,Recession,37,76.0796248057195
7,Recession,38,73.33258298557492
7,Recession,39,71.66260211655319
7,Recession,40,70.16840410538384
7,Recession,41,69.01218730361317
7,Recession,42,68.05244677510724
7,Recession,43,67.21488667641785
7,Recession,44,66.4529335267938
7,Recession,45,65.73775815972154
7,Recession,46,65.05204049563656
7,Recession,47,64.38532277192584
7,Recession,48,63.73129903753845
7,Recession,49,63.08616286099764
7,Recession,50,62.44761150169672
7,Recession,51,61.81424685668955
7,Recession,52,61.1852150331442
7,Recession,53,60.5599896168261
7,Recession,54,59.93824137864217
7,Recession,55,59.3197599655759
7,Recession,56,58.704406847302444
7,Recession,57,58.09208705046265
7,Recession,58,57.48273218336224
7,Recession,59,56.87629024396802
7,Recession,60,56.2727195023093
8,Normal,1,0.0
8,Normal,2,13.476347380965109
8,Normal,3,20.09931493601642
8,Normal,4,25.4107012287238
8,Normal,5,28.347186851439886
8,Normal,6,29.87536897426322
8,Normal,7,30.508216492598926
8,Normal,8,30.588285578896613
8,Normal,9,30.333570782209136
8,Normal,10,29.8790207729289
8,Normal,11,29.308399343950974
8,Normal,12,28.673455876694895
8,Normal,13,28.00608232428997
8,Normal,14,27.325857541590175
8,Normal,15,26.644728739618728
8,Normal,16,25.969915549997463
8,Normal,17,25.30571070916451
8,Normal,18,24.65459662327878
8,Normal,19,24.017937700377917
8,Normal,20,23.396409616719037
8,Normal,21,22.79026544730787
8,Normal,22,22.199500623832567
8,Normal,23,21.623955144242856
8,Normal,24,21.0633768631594
8,Normal,25,20.517460642228237
8,Normal,26,19.985872527318378
8,Normal,27,19.46826463886844
8,Normal,28,18.96428430290815
8,Normal,29,18.473579611221325
8,Normal,30,17.995802768448605
8,Normal,31,17.530612068592244
8,Normal,32,17.0776730236507
8,Normal,33,16.636658968720273
8,Normal,34,16.20725134479268
8,Normal,35,15.789139784079294
8,Normal,36,15.38202207527851
8,Normal,37,14.985604056775271
8,Normal,38,14.599599467496375
8,Normal,39,14.223729773808651
8,Normal,40,13.857723983810443
8,Normal,41,13.50131845599997
8,Normal,42,13.15425670659437
8,Normal,43,12.816289218092399
8,Normal,44,12.487173250631486
8,Normal,45,12.166672657044664
8,Normal,46,11.854557702123305
8,Normal,47,11.550604886345452
8,Normal,48,11.254596774178017
8,Normal,49,10.966321826968631
8,Normal,50,10.685574240386812
8,Normal,51,10.41215378634091
8,Normal,52,10.145865659277998
8,Normal,53,9.886520326763113
8,Normal,54,9.63393338422918
8,Normal,55,9.387925413786846
8,Normal,56,9.148321846983482
8,Normal,57,8.914952831401951
8,Normal,58,8.687653100991547
8,Normal,59,8.466261850025981
8,Normal,60,8.250622610585788
8,Recession,1,0.0
8,Recession,2,84.93690978818184
8,Recession,3,127.49658843183232
8,Recession,4,162.00120494993257
8,Recession,5,182.4721917608789
8,Recession,6,194.68159617003047
8,Recession,7,201.758529744398
8,Recession,8,205.69036125657755
8,Recession,9,207.71583791916404
8,Recession,10,208.58478248211026
8,Recession,11,208.75274318841977
8,Recession,12,208.4957794117814
8,Recession,13,207.9810859138025
8,Recession,14,208.01126675567653
8,Recession,15,208.19799325134073
8,Recession,16,208.45081215724377
8,Recession,17,208.76915433817828
8,Recession,18,209.12514063810312
8,Recession,19,209.50260132070713
8,Recession,20,209.8911543410789
8,Recession,21,210.28418323369024
8,Recession,22,210.6774489316633
8,Recession,23,211.06814550311447
8,Recession,24,211.4543340863262
8,Recession,25,211.83459608928413
8,Recession,26,212.207822455769
8,Recession,27,212.5730857496703
8,Recession,28,212.92956252119745
8,Recession,29,213.27648620823467
8,Recession,30,213.61311856796758
8,Recession,31,213.93873235334607
8,Recession,32,214.252600814596
8,Recession,33,214.5539913457731
8,Recession,34,214.8421616521805
8,Recession,35,215.1163574549728
8,Recession,36,215.3758111376935
8,Recession,37,197.58732551111126
8,Recession,38,191.14784180846732
8,Recession,39,187.55110598080145
8,Recession,40,184.40530271207308
8,Recession,41,182.13942405815368
8,Recession,42,180.37942603909093
8,Recession,43,178.92863676189015
8,Recession,44,177.66409970982187
8,Recession,45,176.50978523496977
8,Recession,46,175.42006850705684
8,Recession,47,174.367439631735
8,Recession,48,173.3353375245791
8,Recession,49,172.31378718617214
8,Recession,50,171.29677230016185
8,Recession,51,170.28065597379344
8,Recession,52,169.26323133012622
8,Recession,53,168.24315108074913
8,Recession,54,167.2195848923329
8,Recession,55,166.1920136433008
8,Recession,56,165.16010592202758
8,Recession,57,164.1236439217735
8,Recession,58,163.08247899759263
8,Recession,59,162.03650503049
8,Recession,60,160.98564247942645
9,Normal,1,0.0
9,Normal,2,10.830097927370348
9,Normal,3,16.04778884450427
9,Normal,4,20.1655141614551
9,Normal,5,22.339773369346034
9,Normal,6,23.36704382401969
9,Normal,7,23.67072361976545
9,Normal,8,23.532977476413407
9,Normal,9,23.133004858990528
9,Normal,10,22.581477513482945
9,Normal,11,21.946844151646356
9,Normal,12,21.271163665276354
9,Normal,13,20.58013957751055
9,Normal,14,19.889345271430987
9,Normal,15,19.20808564433569
9,Normal,16,18.54179171231201
9,Normal,17,17.89350472582991
9,Normal,18,17.264795900888828
9,Normal,19,16.656336257654917
9,Normal,20,16.06824955206075
9,Normal,21,15.50033073805647
9,Normal,22,14.95218106563354
9,Normal,23,14.423291498190007
9,Normal,24,13.913094093369649
9,Normal,25,13.420993527773467
9,Normal,26,12.946386318489024
9,Normal,27,12.488672425168112
9,Normal,28,12.047262137204907
9,Normal,29,11.621580047225244
9,Normal,30,11.211067227818237
9,Normal,31,10.815182304030063
9,Normal,32,10.433401850889316
9,Normal,33,10.065220381939234
9,Normal,34,9.710150093456509
9,Normal,35,9.367720466200803
9,Normal,36,9.03747778756183
9,Normal,37,8.718984632796017
9,Normal,38,8.41181932905381
9,Normal,39,8.11557541660625
9,Normal,40,7.829861115923023
9,Normal,41,7.554298805691638
9,Normal,42,7.288524514666509
9,Normal,43,7.032187428880347
9,Normal,44,6.784949414917868
9,Normal,45,6.546484559444507
9,Normal,46,6.316478724876654
9,Normal,47,6.094629120898735
9,Normal,48,5.8806438914281065
9,Normal,49,5.67424171657216
9,Normal,50,5.475151429094591
9,Normal,51,5.283111644898197
9,Normal,52,5.097870407032902
9,Normal,53,4.919184842745343
9,Normal,54,4.746820833097859
9,Normal,55,4.580552694698237
9,Normal,56,4.420162873096125
9,Normal,57,4.265441647417063
9,Normal,58,4.116186845820061
9,Normal,59,3.9722035713795423
9,Normal,60,3.833303938006932
9,Recession,1,0.0
9,Recession,2,68.25387761692335
9,Recession,3,102.1368078874181
9,Recession,4,129.4056310511272
9,Recession,5,145.27248452279477
9,Recession,6,154.43114835920935
9,Recession,7,159.42598241123136
9,Recession,8,161.87344071929095
9,Recession,9,162.78091630578393
9,Recession,10,162.75820777399602
9,Recession,11,162.17578840558213
9,Recession,12,161.25815051464895
9,Recession,13,160.14124295483214
9,Recession,14,159.4409344298675
9,Recession,15,158.85768489625917
9,Recession,16,158.3242726073673
9,Recession,17,157.84092958779212
9,Recession,18,157.38694635329574
9,Recession,19,156.95035018178112
9,Recession,20,156.52346750874986
9,Recession,21,156.1014315847729
9,Recession,22,155.68115179611075
9,Recession,23,155.26061108210422
9,Recession,24,154.83844489490951
9,Recession,25,154.4136832250474
9,Recession,26,153.98559388960257
9,Recession,27,153.55358745697657
9,Recession,28,153.11715959429364
9,Recession,29,152.6758561408384
9,Recession,30,152.2292519720542
9,Recession,31,151.7769382310561
9,Recession,32,151.31851463738616
9,Recession,33,150.85358487761127
9,Recession,34,150.3817538682017
9,Recession,35,149.90262615784434
9,Recession,36,149.41580502544122
9,Recession,37,136.5422583196812
9,Recession,38,131.56868452220843
9,Recession,39,128.54449196648497
9,Recession,40,125.83991097881001
9,Recession,41,123.74605771235326
9,Recession,42,122.00703552447457
9,Recession,43,120.48838209318778
9,Recession,44,119.10596337013116
9,Recession,45,117.80774613497567
9,Recession,46,116.56249387913377
9,Recession,47,115.35136189127208
9,Recession,48,114.1629965084582
9,Recession,49,112.99055077677836
9,Recession,50,111.82988704818268
9,Recession,51,110.67849649974316
9,Recession,52,109.53484950849426
9,Recession,53,108.39800529360228
9,Recession,54,107.26737740803735
9,Recession,55,106.1425928934037
9,Recession,56,105.02340771036437
9,Recession,57,103.90965597230355
9,Recession,58,102.80121947868146
9,Recession,59,101.69800943582528
9,Recession,60,100.59995549293139
10,Normal,1,0.0
10,Normal,2,11.406160087613253
10,Normal,3,16.904391068048664
10,Normal,4,21.245813251291636
10,Normal,5,23.540142073557053
10,Normal,6,24.625959826957214
10,Normal,7,24.948942421170173
10,Normal,8,24.806324340836944
10,Normal,9,24.386950241879987
10,Normal,10,23.807499038364174
10,Normal,11,23.14016630522548
10,Normal,12,22.429333158928284
10,Normal,13,21.702135521412615
10,Normal,14,20.975023692379704
10,Normal,15,20.25783305715073
10,Normal,16,19.556309326814347
10,Normal,17,18.873674237758088
10,Normal,18,18.211596225639276
10,Normal,19,17.570792065200415
10,Normal,20,16.951399646876602
10,Normal,21,16.35320881641559
10,Normal,22,15.775804186348177
10,Normal,23,15.21865335416679
10,Normal,24,14.68116126523955
10,Normal,25,14.162703584123225
10,Normal,26,13.662647053994613
10,Normal,27,13.180361794491631
10,Normal,28,12.71522860900339
10,Normal,29,12.266643206597374
10,Normal,30,11.834018520447072
10,Normal,31,11.416785855822754
10,Normal,32,11.014395322223777
10,Normal,33,10.626315831420932
10,Normal,34,10.25203483593853
10,Normal,35,9.891057915958022
10,Normal,36,9.542908281329465
10,Normal,37,9.20712622975443
10,Normal,38,8.883268586309311
10,Normal,39,8.570908139621237
10,Normal,40,8.269633083900457
10,Normal,41,7.979046472251165
10,Normal,42,7.698765684345154
10,Normal,43,7.4284219101013305
10,Normal,44,7.167659650129277
10,Normal,45,6.916136233154973
10,Normal,46,6.673521350320949
10,Normal,47,6.4394966060596746
10,Normal,48,6.213755085127591
10,Normal,49,5.9960009353264185
10,Normal,50,5.785948965408632
10,Normal,51,5.5833242576534285
10,Normal,52,5.3878617946003535
10,Normal,53,5.19930609943553
10,Normal,54,5.017410889537251
10,Normal,55,4.841938742701653
10,Normal,56,4.672660775584396
10,Normal,57,4.5093563339098255
10,Normal,58,4.351812694014768
10,Normal,59,4.19982477530963
10,Normal,60,4.053194863254517
10,Recession,1,0.0
10,Recession,2,71.87936515998608
10,Recession,3,107.59083240792421
10,Recession,4,136.35544598268206
10,Recession,5,153.10704789117045
10,Recession,6,162.78835683365517
10,Recession,7,168.0771670812189
10,Recession,8,170.67707737888367
10,Recession,9,171.65049593634282
10,Recession,10,171.64092676464318
10,Recession,11,171.03956853618013
10,Recession,12,170.08361541348177
10,Recession,13,168.91679517227067
10,Recession,14,168.1846169943391
10,Recession,15,167.5742772422341
10,Recession,16,167.01598145596978
10,Recession,17,166.51030717707923
10,Recession,18,166.03575452871704
10,Recession,19,165.57989743005098
10,Recession,20,165.13476164306383
10,Recession,21,164.6952871850188
10,Recession,22,164.25826016516976
10,Recession,23,163.8215832094314
10,Recession,24,163.38383802062205
10,Recession,25,162.944017126053
10,Recession,26,162.50136081540464
10,Recession,27,162.05525814432488
10,Recession,28,161.60518685968066
10,Recession,29,161.15067697550535
10,Recession,30,160.6912887090397
10,Recession,31,160.22659913486655
10,Recession,32,159.75619413191114
10,Recession,33,159.2796635447776
10,Recession,34,158.79659829867762
10,Recession,35,158.30658870361023
10,Recession,36,157.80922348467368
10,Recession,37,144.311287773389
10,Recession,38,139.1005740949056
10,Recession,39,135.93287854225557
10,Recession,40,133.09861589696183
10,Recession,41,130.90545135906527
10,Recession,42,129.08497193932456
10,Recession,43,127.4962499078075
10,Recession,44,126.05094257108446
10,Recession,45,124.6943654568184
10,Recession,46,123.39366505148205
10,Recession,47,122.12900459599604
10,Recession,48,120.88842267600991
10,Recession,49,119.66469907942003
10,Recession,50,118.45346586325779
10,Recession,51,117.2520710423547
10,Recession,52,116.0588949140036
10,Recession,53,114.8729389517742
10,Recession,54,113.69357865896812
10,Recession,55,112.5204150284284
10,Recession,56,111.35318528954166
10,Recession,57,110.19170929252519
10,Recession,58,109.03585730890583
10,Recession,59,107.88553069886373
10,Recession,60,106.74065030709376
